,Unnamed: 0.1,Unnamed: 0,File,Area,Density1,Density2,Batch,Plate,Well,Object,PlateWell,Slide Number,Sample,Description1,Food,Time,Time (h)
0,218,39,./20240321_140300_322/Plate000_Well1_Object0.tif_projection.tif,2.4580960092,147.26845438303886,154.59119520871482,20240321_140300_322,0,1,0,000_1,Slide1,unfed,20296/H3P (FAM/Alexa555),unfed,0,0.0
1,227,267,./20240321_140300_322/Plate000_Well1_Object1.tif_projection.tif,2.8523696292,138.83193676797967,143.03896515488813,20240321_140300_322,0,1,1,000_1,Slide1,unfed,20296/H3P (FAM/Alexa555),unfed,0,0.0
2,222,213,./20240321_140300_322/Plate000_Well1_Object10.tif_projection.tif,2.3379528276,245.0862109943454,249.7911818860344,20240321_140300_322,0,1,10,000_1,Slide1,unfed,20296/H3P (FAM/Alexa555),unfed,0,0.0
3,223,216,./20240321_140300_322/Plate000_Well1_Object2.tif_projection.tif,2.4919978824,134.02900634824394,137.23928194939947,20240321_140300_322,0,1,2,000_1,Slide1,unfed,20296/H3P (FAM/Alexa555),unfed,0,0.0
4,221,170,./20240321_140300_322/Plate000_Well1_Object3.tif_projection.tif,2.4823772532,149.05067290760817,153.48190912918568,20240321_140300_322,0,1,3,000_1,Slide1,unfed,20296/H3P (FAM/Alexa555),unfed,0,0.0
5,219,47,./20240321_140300_322/Plate000_Well1_Object4.tif_projection.tif,2.564585478,152.8512125498357,157.9202578639884,20240321_140300_322,0,1,4,000_1,Slide1,unfed,20296/H3P (FAM/Alexa555),unfed,0,0.0
6,225,230,./20240321_140300_322/Plate000_Well1_Object5.tif_projection.tif,2.2004380008,124.52066356806392,127.2473934272186,20240321_140300_322,0,1,5,000_1,Slide1,unfed,20296/H3P (FAM/Alexa555),unfed,0,0.0
7,224,227,./20240321_140300_322/Plate000_Well1_Object6.tif_projection.tif,2.210855634,220.72902115145524,229.77529251012143,20240321_140300_322,0,1,6,000_1,Slide1,unfed,20296/H3P (FAM/Alexa555),unfed,0,0.0
8,220,95,./20240321_140300_322/Plate000_Well1_Object7.tif_projection.tif,2.0238742368,110.18471204643186,113.14932313288293,20240321_140300_322,0,1,7,000_1,Slide1,unfed,20296/H3P (FAM/Alexa555),unfed,0,0.0
9,228,284,./20240321_140300_322/Plate000_Well1_Object8.tif_projection.tif,3.1584702708,149.4394309687292,153.5553474996476,20240321_140300_322,0,1,8,000_1,Slide1,unfed,20296/H3P (FAM/Alexa555),unfed,0,0.0
10,226,266,./20240321_140300_322/Plate000_Well1_Object9.tif_projection.tif,2.298151908,206.6878165653443,211.47427126475228,20240321_140300_322,0,1,9,000_1,Slide1,unfed,20296/H3P (FAM/Alexa555),unfed,0,0.0
11,232,81,./20240321_140300_322/Plate000_Well2_Object0.tif_projection.tif,3.3411581892,51.17985749754156,54.1728316202048,20240321_140300_322,0,2,0,000_2,Slide2,Artemina 10min,20296/H3P (FAM/Alexa555),Artemina,10min,0.16666666666666666
12,233,207,./20240321_140300_322/Plate000_Well2_Object1.tif_projection.tif,3.8663138592,30.52002612752603,32.84782473047293,20240321_140300_322,0,2,1,000_2,Slide2,Artemina 10min,20296/H3P (FAM/Alexa555),Artemina,10min,0.16666666666666666
13,236,263,./20240321_140300_322/Plate000_Well2_Object2.tif_projection.tif,3.158134434,54.46253273713553,57.62895905906202,20240321_140300_322,0,2,2,000_2,Slide2,Artemina 10min,20296/H3P (FAM/Alexa555),Artemina,10min,0.16666666666666666
14,234,245,./20240321_140300_322/Plate000_Well2_Object3.tif_projection.tif,2.7930798324,31.86446694705653,33.29657782108154,20240321_140300_322,0,2,3,000_2,Slide2,Artemina 10min,20296/H3P (FAM/Alexa555),Artemina,10min,0.16666666666666666
15,231,78,./20240321_140300_322/Plate000_Well2_Object4.tif_projection.tif,3.5165678184,51.75500925866063,53.46121835509999,20240321_140300_322,0,2,4,000_2,Slide2,Artemina 10min,20296/H3P (FAM/Alexa555),Artemina,10min,0.16666666666666666
16,230,76,./20240321_140300_322/Plate000_Well2_Object5.tif_projection.tif,2.762428032,72.0380758140236,76.38208038572351,20240321_140300_322,0,2,5,000_2,Slide2,Artemina 10min,20296/H3P (FAM/Alexa555),Artemina,10min,0.16666666666666666
17,229,40,./20240321_140300_322/Plate000_Well2_Object6.tif_projection.tif,2.8766606076,26.41952262258941,27.810023813252013,20240321_140300_322,0,2,6,000_2,Slide2,Artemina 10min,20296/H3P (FAM/Alexa555),Artemina,10min,0.16666666666666666
18,235,255,./20240321_140300_322/Plate000_Well2_Object7.tif_projection.tif,2.8834436592,33.640331306807035,36.4147916207705,20240321_140300_322,0,2,7,000_2,Slide2,Artemina 10min,20296/H3P (FAM/Alexa555),Artemina,10min,0.16666666666666666
19,190,229,./20240321_140300_322/Plate000_Well3_Object0.tif_projection.tif,3.2340773556,202.5307152489188,209.9516880213983,20240321_140300_322,0,3,0,000_3,Slide3,Artemina 2h,20296/H3P (FAM/Alexa555),Artemina,2h,2.0
20,185,53,./20240321_140300_322/Plate000_Well3_Object1.tif_projection.tif,3.1353948756,319.8959109761454,330.4209010680824,20240321_140300_322,0,3,1,000_3,Slide3,Artemina 2h,20296/H3P (FAM/Alexa555),Artemina,2h,2.0
21,186,68,./20240321_140300_322/Plate000_Well3_Object2.tif_projection.tif,3.3855068988,123.76285517200256,127.8981295691578,20240321_140300_322,0,3,2,000_3,Slide3,Artemina 2h,20296/H3P (FAM/Alexa555),Artemina,2h,2.0
22,184,52,./20240321_140300_322/Plate000_Well3_Object3.tif_projection.tif,2.227833036,123.88720139259128,127.92700143800184,20240321_140300_322,0,3,3,000_3,Slide3,Artemina 2h,20296/H3P (FAM/Alexa555),Artemina,2h,2.0
23,183,30,./20240321_140300_322/Plate000_Well3_Object4.tif_projection.tif,3.5331023052,247.65770261228496,258.13008546560445,20240321_140300_322,0,3,4,000_3,Slide3,Artemina 2h,20296/H3P (FAM/Alexa555),Artemina,2h,2.0
24,188,143,./20240321_140300_322/Plate000_Well3_Object5.tif_projection.tif,2.4040086408,165.55680925820408,169.30055620122877,20240321_140300_322,0,3,5,000_3,Slide3,Artemina 2h,20296/H3P (FAM/Alexa555),Artemina,2h,2.0
25,187,110,./20240321_140300_322/Plate000_Well3_Object6.tif_projection.tif,2.8104831144,306.70883435783435,313.1134271866522,20240321_140300_322,0,3,6,000_3,Slide3,Artemina 2h,20296/H3P (FAM/Alexa555),Artemina,2h,2.0
26,189,182,./20240321_140300_322/Plate000_Well3_Object7.tif_projection.tif,2.5317884592,139.4271305397852,141.79699678125462,20240321_140300_322,0,3,7,000_3,Slide3,Artemina 2h,20296/H3P (FAM/Alexa555),Artemina,2h,2.0
27,287,258,./20240321_140300_322/Plate000_Well4_Object0.tif_projection.tif,4.2130556208,418.9358410760434,454.0647387980006,20240321_140300_322,0,4,0,000_4,Slide4,Artemina 4h,20296/H3P (FAM/Alexa555),Artemina,4h,4.0
28,281,101,./20240321_140300_322/Plate000_Well4_Object1.tif_projection.tif,3.2366752236000003,483.5208638138629,522.7586591521125,20240321_140300_322,0,4,1,000_4,Slide4,Artemina 4h,20296/H3P (FAM/Alexa555),Artemina,4h,4.0
29,286,206,./20240321_140300_322/Plate000_Well4_Object2.tif_projection.tif,3.2277785904,488.88111616244646,519.2425543018126,20240321_140300_322,0,4,2,000_4,Slide4,Artemina 4h,20296/H3P (FAM/Alexa555),Artemina,4h,4.0
30,285,202,./20240321_140300_322/Plate000_Well4_Object3.tif_projection.tif,2.917077228,620.1412779325979,661.6211533498695,20240321_140300_322,0,4,3,000_4,Slide4,Artemina 4h,20296/H3P (FAM/Alexa555),Artemina,4h,4.0
31,283,172,./20240321_140300_322/Plate000_Well4_Object4.tif_projection.tif,3.1224310884,508.5780774792775,539.6436149575458,20240321_140300_322,0,4,4,000_4,Slide4,Artemina 4h,20296/H3P (FAM/Alexa555),Artemina,4h,4.0
32,288,265,./20240321_140300_322/Plate000_Well4_Object5.tif_projection.tif,3.2130528768,619.3486619435644,662.920929617986,20240321_140300_322,0,4,5,000_4,Slide4,Artemina 4h,20296/H3P (FAM/Alexa555),Artemina,4h,4.0
33,284,177,./20240321_140300_322/Plate000_Well4_Object6.tif_projection.tif,3.1684936608,733.7871710978808,793.4369669419665,20240321_140300_322,0,4,6,000_4,Slide4,Artemina 4h,20296/H3P (FAM/Alexa555),Artemina,4h,4.0
34,282,147,./20240321_140300_322/Plate000_Well4_Object7.tif_projection.tif,3.8752257024,508.8735860671815,542.6780687116037,20240321_140300_322,0,4,7,000_4,Slide4,Artemina 4h,20296/H3P (FAM/Alexa555),Artemina,4h,4.0
35,78,135,./20240321_140300_322/Plate001_Well1_Object0.tif_projection.tif,3.3520242132,311.45359746770697,339.79468152846573,20240321_140300_322,1,1,0,001_1,Slide5,Artemina 6h,20296/H3P (FAM/Alexa555),Artemina,6h,6.0
36,75,9,./20240321_140300_322/Plate001_Well1_Object1.tif_projection.tif,3.85321014,375.7905609580899,406.1548535216925,20240321_140300_322,1,1,1,001_1,Slide5,Artemina 6h,20296/H3P (FAM/Alexa555),Artemina,6h,6.0
37,77,98,./20240321_140300_322/Plate001_Well1_Object2.tif_projection.tif,3.3599121192,438.10669677589226,470.25039463716695,20240321_140300_322,1,1,2,001_1,Slide5,Artemina 6h,20296/H3P (FAM/Alexa555),Artemina,6h,6.0
38,81,232,./20240321_140300_322/Plate001_Well1_Object3.tif_projection.tif,1.9985660136,569.9086206055956,608.4362446500477,20240321_140300_322,1,1,3,001_1,Slide5,Artemina 6h,20296/H3P (FAM/Alexa555),Artemina,6h,6.0
39,76,31,./20240321_140300_322/Plate001_Well1_Object4.tif_projection.tif,2.4474484008,429.8354153885866,460.4795752309288,20240321_140300_322,1,1,4,001_1,Slide5,Artemina 6h,20296/H3P (FAM/Alexa555),Artemina,6h,6.0
40,79,173,./20240321_140300_322/Plate001_Well1_Object5.tif_projection.tif,2.536620372,361.1104011112941,391.0715260943272,20240321_140300_322,1,1,5,001_1,Slide5,Artemina 6h,20296/H3P (FAM/Alexa555),Artemina,6h,6.0
41,82,279,./20240321_140300_322/Plate001_Well1_Object6.tif_projection.tif,2.493241452,410.71032217059417,445.20357188414016,20240321_140300_322,1,1,6,001_1,Slide5,Artemina 6h,20296/H3P (FAM/Alexa555),Artemina,6h,6.0
42,80,176,./20240321_140300_322/Plate001_Well1_Object7.tif_projection.tif,3.233594286,389.6592734144879,425.22341344835,20240321_140300_322,1,1,7,001_1,Slide5,Artemina 6h,20296/H3P (FAM/Alexa555),Artemina,6h,6.0
43,166,268,./20240321_140300_322/Plate001_Well2_Object0.tif_projection.tif,3.0867824988,296.1011993411656,313.2711813598546,20240321_140300_322,1,2,0,001_2,Slide6,Artemina 1d,20296/H3P (FAM/Alexa555),Artemina,1d,24.0
44,161,120,./20240321_140300_322/Plate001_Well2_Object1.tif_projection.tif,3.199231854,323.20258336612574,344.77026059268536,20240321_140300_322,1,2,1,001_2,Slide6,Artemina 1d,20296/H3P (FAM/Alexa555),Artemina,1d,24.0
45,167,269,./20240321_140300_322/Plate001_Well2_Object2.tif_projection.tif,3.3934964076,325.0334956977545,345.07182544158707,20240321_140300_322,1,2,2,001_2,Slide6,Artemina 1d,20296/H3P (FAM/Alexa555),Artemina,1d,24.0
46,160,25,./20240321_140300_322/Plate001_Well2_Object3.tif_projection.tif,2.5744439916,350.75534870688386,369.7885846832264,20240321_140300_322,1,2,3,001_2,Slide6,Artemina 1d,20296/H3P (FAM/Alexa555),Artemina,1d,24.0
47,162,132,./20240321_140300_322/Plate001_Well2_Object4.tif_projection.tif,2.7121358628,351.7522898042038,369.08180512998746,20240321_140300_322,1,2,4,001_2,Slide6,Artemina 1d,20296/H3P (FAM/Alexa555),Artemina,1d,24.0
48,164,158,./20240321_140300_322/Plate001_Well2_Object5.tif_projection.tif,2.692236924,360.2951847784701,381.8386081982137,20240321_140300_322,1,2,5,001_2,Slide6,Artemina 1d,20296/H3P (FAM/Alexa555),Artemina,1d,24.0
49,165,224,./20240321_140300_322/Plate001_Well2_Object6.tif_projection.tif,3.312652824,370.69987869033633,398.47218230557326,20240321_140300_322,1,2,6,001_2,Slide6,Artemina 1d,20296/H3P (FAM/Alexa555),Artemina,1d,24.0
50,163,145,./20240321_140300_322/Plate001_Well2_Object7.tif_projection.tif,2.6388187956,336.89315897034305,360.76747732257206,20240321_140300_322,1,2,7,001_2,Slide6,Artemina 1d,20296/H3P (FAM/Alexa555),Artemina,1d,24.0
51,101,42,./20240321_140300_322/Plate001_Well3_Object0.tif_projection.tif,2.9389163544,370.2044797467952,391.6409523791924,20240321_140300_322,1,3,0,001_3,Slide7,Artemina 2d,20296/H3P (FAM/Alexa555),Artemina,2d,48.0
52,105,115,./20240321_140300_322/Plate001_Well3_Object1.tif_projection.tif,2.6233344072,352.60468412309393,378.1446990811991,20240321_140300_322,1,3,1,001_3,Slide7,Artemina 2d,20296/H3P (FAM/Alexa555),Artemina,2d,48.0
53,102,60,./20240321_140300_322/Plate001_Well3_Object2.tif_projection.tif,2.9477758752,377.23356424597694,406.068863671254,20240321_140300_322,1,3,2,001_3,Slide7,Artemina 2d,20296/H3P (FAM/Alexa555),Artemina,2d,48.0
54,103,83,./20240321_140300_322/Plate001_Well3_Object3.tif_projection.tif,2.2075143012,368.7405329865865,400.4504068306418,20240321_140300_322,1,3,3,001_3,Slide7,Artemina 2d,20296/H3P (FAM/Alexa555),Artemina,2d,48.0
55,107,289,./20240321_140300_322/Plate001_Well3_Object4.tif_projection.tif,2.4046243416,321.0480683591197,341.8413370352285,20240321_140300_322,1,3,4,001_3,Slide7,Artemina 2d,20296/H3P (FAM/Alexa555),Artemina,2d,48.0
56,106,194,./20240321_140300_322/Plate001_Well3_Object5.tif_projection.tif,3.2370609491999995,276.48537177564987,291.0047153214103,20240321_140300_322,1,3,5,001_3,Slide7,Artemina 2d,20296/H3P (FAM/Alexa555),Artemina,2d,48.0
57,104,106,./20240321_140300_322/Plate001_Well3_Object6.tif_projection.tif,2.9402213724,359.156630147894,382.6242508677848,20240321_140300_322,1,3,6,001_3,Slide7,Artemina 2d,20296/H3P (FAM/Alexa555),Artemina,2d,48.0
58,100,12,./20240321_140300_322/Plate001_Well3_Object7.tif_projection.tif,2.7280455228,384.8909379350479,418.24815255608536,20240321_140300_322,1,3,7,001_3,Slide7,Artemina 2d,20296/H3P (FAM/Alexa555),Artemina,2d,48.0
59,113,148,./20240321_140300_322/Plate001_Well4_Object0.tif_projection.tif,2.6683943364,312.17275072012853,324.5397384437351,20240321_140300_322,1,4,0,001_4,Slide8,Artemina 3d,20296/H3P (FAM/Alexa555),Artemina,3d,72.0
60,112,140,./20240321_140300_322/Plate001_Well4_Object1.tif_projection.tif,2.5387881012,256.4215578654612,265.0871097441711,20240321_140300_322,1,4,1,001_4,Slide8,Artemina 3d,20296/H3P (FAM/Alexa555),Artemina,3d,72.0
61,114,215,./20240321_140300_322/Plate001_Well4_Object2.tif_projection.tif,3.7295972532,312.3661674193985,323.0911860432405,20240321_140300_322,1,4,2,001_4,Slide8,Artemina 3d,20296/H3P (FAM/Alexa555),Artemina,3d,72.0
62,110,79,./20240321_140300_322/Plate001_Well4_Object3.tif_projection.tif,2.44523565,277.2738897373756,288.3157703021384,20240321_140300_322,1,4,3,001_4,Slide8,Artemina 3d,20296/H3P (FAM/Alexa555),Artemina,3d,72.0
63,109,20,./20240321_140300_322/Plate001_Well4_Object4.tif_projection.tif,1.9893444948,273.9595889121215,284.0131518079792,20240321_140300_322,1,4,4,001_4,Slide8,Artemina 3d,20296/H3P (FAM/Alexa555),Artemina,3d,72.0
64,111,109,./20240321_140300_322/Plate001_Well4_Object5.tif_projection.tif,2.6031178836,231.261136421321,241.63331363623075,20240321_140300_322,1,4,5,001_4,Slide8,Artemina 3d,20296/H3P (FAM/Alexa555),Artemina,3d,72.0
65,115,234,./20240321_140300_322/Plate001_Well4_Object6.tif_projection.tif,2.358207072,188.27863136863667,192.9431920556975,20240321_140300_322,1,4,6,001_4,Slide8,Artemina 3d,20296/H3P (FAM/Alexa555),Artemina,3d,72.0
66,108,13,./20240321_140300_322/Plate001_Well4_Object7.tif_projection.tif,2.6964245412,214.728797766514,222.1460273957545,20240321_140300_322,1,4,7,001_4,Slide8,Artemina 3d,20296/H3P (FAM/Alexa555),Artemina,3d,72.0
67,266,87,./20240321_140300_322/Plate002_Well1_Object0.tif_projection.tif,2.4523399368,131.71094070321874,137.41977404639232,20240321_140300_322,2,1,0,002_1,Slide9,Artemina 4d,20296/H3P (FAM/Alexa555),Artemina,4d,96.0
68,268,141,./20240321_140300_322/Plate002_Well1_Object1.tif_projection.tif,2.4914363292,117.60284481927027,122.82071848019356,20240321_140300_322,2,1,1,002_1,Slide9,Artemina 4d,20296/H3P (FAM/Alexa555),Artemina,4d,96.0
69,270,180,./20240321_140300_322/Plate002_Well1_Object2.tif_projection.tif,1.9608379128,107.60705850423926,114.74686333390444,20240321_140300_322,2,1,2,002_1,Slide9,Artemina 4d,20296/H3P (FAM/Alexa555),Artemina,4d,96.0
70,265,77,./20240321_140300_322/Plate002_Well1_Object3.tif_projection.tif,2.5624950156,143.2197907764781,147.12223739164102,20240321_140300_322,2,1,3,002_1,Slide9,Artemina 4d,20296/H3P (FAM/Alexa555),Artemina,4d,96.0
71,271,246,./20240321_140300_322/Plate002_Well1_Object4.tif_projection.tif,2.0833794072000003,149.27669867773855,152.6366243714497,20240321_140300_322,2,1,4,002_1,Slide9,Artemina 4d,20296/H3P (FAM/Alexa555),Artemina,4d,96.0
72,272,257,./20240321_140300_322/Plate002_Well1_Object5.tif_projection.tif,2.7856762128,141.0788512297986,148.25843653411405,20240321_140300_322,2,1,5,002_1,Slide9,Artemina 4d,20296/H3P (FAM/Alexa555),Artemina,4d,96.0
73,269,178,./20240321_140300_322/Plate002_Well1_Object6.tif_projection.tif,2.9461003416,139.8458817516876,145.27678978087934,20240321_140300_322,2,1,6,002_1,Slide9,Artemina 4d,20296/H3P (FAM/Alexa555),Artemina,4d,96.0
74,267,119,./20240321_140300_322/Plate002_Well1_Object7.tif_projection.tif,2.295806526,158.11436891089315,163.7768669710629,20240321_140300_322,2,1,7,002_1,Slide9,Artemina 4d,20296/H3P (FAM/Alexa555),Artemina,4d,96.0
75,6,122,./20240321_140300_322/Plate002_Well2_Object0.tif_projection.tif,2.3684044644,97.95624163323546,101.75626824831788,20240321_140300_322,2,2,0,002_2,Slide10,Artemina 5d,20296/H3P (FAM/Alexa555),Artemina,5d,120.0
76,4,85,./20240321_140300_322/Plate002_Well2_Object1.tif_projection.tif,2.266530318,192.80571564805345,197.2177457544162,20240321_140300_322,2,2,1,002_2,Slide10,Artemina 5d,20296/H3P (FAM/Alexa555),Artemina,5d,120.0
77,7,155,./20240321_140300_322/Plate002_Well2_Object2.tif_projection.tif,2.9941779348,113.88768718007988,119.23139097738569,20240321_140300_322,2,2,2,002_2,Slide10,Artemina 5d,20296/H3P (FAM/Alexa555),Artemina,5d,120.0
78,5,108,./20240321_140300_322/Plate002_Well2_Object3.tif_projection.tif,3.21256494,62.56682861016345,65.67960615295765,20240321_140300_322,2,2,3,002_2,Slide10,Artemina 5d,20296/H3P (FAM/Alexa555),Artemina,5d,120.0
79,1,51,./20240321_140300_322/Plate002_Well2_Object4.tif_projection.tif,2.0962811376,128.79951794496364,133.09283520979577,20240321_140300_322,2,2,4,002_2,Slide10,Artemina 5d,20296/H3P (FAM/Alexa555),Artemina,5d,120.0
80,0,0,./20240321_140300_322/Plate002_Well2_Object5.tif_projection.tif,2.3816511576,109.58783748288764,113.78660520253852,20240321_140300_322,2,2,5,002_2,Slide10,Artemina 5d,20296/H3P (FAM/Alexa555),Artemina,5d,120.0
81,8,191,./20240321_140300_322/Plate002_Well2_Object6.tif_projection.tif,2.0515996332,107.720822534606,110.64536975274012,20240321_140300_322,2,2,6,002_2,Slide10,Artemina 5d,20296/H3P (FAM/Alexa555),Artemina,5d,120.0
82,2,58,./20240321_140300_322/Plate002_Well2_Object7.tif_projection.tif,3.0920731452,114.80970317635808,118.69059455133358,20240321_140300_322,2,2,7,002_2,Slide10,Artemina 5d,20296/H3P (FAM/Alexa555),Artemina,5d,120.0
83,3,69,./20240321_140300_322/Plate002_Well2_Object8.tif_projection.tif,2.3165091612,110.07942652292586,115.69131885546716,20240321_140300_322,2,2,8,002_2,Slide10,Artemina 5d,20296/H3P (FAM/Alexa555),Artemina,5d,120.0
84,249,157,./20240321_140300_322/Plate002_Well3_Object0.tif_projection.tif,4.2091296156,122.11550770377754,125.2040322176863,20240321_140300_322,2,3,0,002_3,Slide11,Artemina 6d,20296/H3P (FAM/Alexa555),Artemina,6d,144.0
85,255,242,./20240321_140300_322/Plate002_Well3_Object1.tif_projection.tif,2.6777375352,88.13410459303032,91.86860055036212,20240321_140300_322,2,3,1,002_3,Slide11,Artemina 6d,20296/H3P (FAM/Alexa555),Artemina,6d,144.0
86,256,259,./20240321_140300_322/Plate002_Well3_Object2.tif_projection.tif,3.650193144,64.1061967870487,65.20202921075894,20240321_140300_322,2,3,2,002_3,Slide11,Artemina 6d,20296/H3P (FAM/Alexa555),Artemina,6d,144.0
87,254,239,./20240321_140300_322/Plate002_Well3_Object3.tif_projection.tif,2.7924896844,82.00567446293124,86.3029150461416,20240321_140300_322,2,3,3,002_3,Slide11,Artemina 6d,20296/H3P (FAM/Alexa555),Artemina,6d,144.0
88,251,205,./20240321_140300_322/Plate002_Well3_Object4.tif_projection.tif,2.1545871516,129.0270387965308,134.5965512625681,20240321_140300_322,2,3,4,002_3,Slide11,Artemina 6d,20296/H3P (FAM/Alexa555),Artemina,6d,144.0
89,250,199,./20240321_140300_322/Plate002_Well3_Object5.tif_projection.tif,3.012072804,100.26318075676896,105.57513735315408,20240321_140300_322,2,3,5,002_3,Slide11,Artemina 6d,20296/H3P (FAM/Alexa555),Artemina,6d,144.0
90,252,237,./20240321_140300_322/Plate002_Well3_Object6.tif_projection.tif,2.3386281516,109.03828375859528,112.88669377360452,20240321_140300_322,2,3,6,002_3,Slide11,Artemina 6d,20296/H3P (FAM/Alexa555),Artemina,6d,144.0
91,253,238,./20240321_140300_322/Plate002_Well3_Object7.tif_projection.tif,2.0687857164000003,61.38866823819684,64.77229562140454,20240321_140300_322,2,3,7,002_3,Slide11,Artemina 6d,20296/H3P (FAM/Alexa555),Artemina,6d,144.0
92,247,49,./20240321_140300_322/Plate002_Well3_Object8.tif_projection.tif,2.429043084,86.86548270380536,90.57064547316196,20240321_140300_322,2,3,8,002_3,Slide11,Artemina 6d,20296/H3P (FAM/Alexa555),Artemina,6d,144.0
93,248,61,./20240321_140300_322/Plate002_Well3_Object9.tif_projection.tif,2.7402463764,74.44586069228019,79.55489034763276,20240321_140300_322,2,3,9,002_3,Slide11,Artemina 6d,20296/H3P (FAM/Alexa555),Artemina,6d,144.0
94,59,99,./20240321_140300_322/Plate002_Well4_Object0.tif_projection.tif,3.1340351016,70.83519896974468,74.34505117094825,20240321_140300_322,2,4,0,002_4,Slide12,Artemina 7d,20296/H3P (FAM/Alexa555),Artemina,7d,168.0
95,55,7,./20240321_140300_322/Plate002_Well4_Object1.tif_projection.tif,3.2267631708,122.41369418570284,126.752407397348,20240321_140300_322,2,4,1,002_4,Slide12,Artemina 7d,20296/H3P (FAM/Alexa555),Artemina,7d,168.0
96,56,28,./20240321_140300_322/Plate002_Well4_Object10.tif_projection.tif,2.0784045204,99.59562634138312,102.963594381913,20240321_140300_322,2,4,10,002_4,Slide12,Artemina 7d,20296/H3P (FAM/Alexa555),Artemina,7d,168.0
97,65,280,./20240321_140300_322/Plate002_Well4_Object2.tif_projection.tif,3.7798334496,87.83455790496109,91.80298672596837,20240321_140300_322,2,4,2,002_4,Slide12,Artemina 7d,20296/H3P (FAM/Alexa555),Artemina,7d,168.0
98,60,118,./20240321_140300_322/Plate002_Well4_Object3.tif_projection.tif,2.5984447632,90.05386734172006,94.6720143848852,20240321_140300_322,2,4,3,002_4,Slide12,Artemina 7d,20296/H3P (FAM/Alexa555),Artemina,7d,168.0
99,61,160,./20240321_140300_322/Plate002_Well4_Object4.tif_projection.tif,2.1707280036,61.26976746023861,64.033817120099,20240321_140300_322,2,4,4,002_4,Slide12,Artemina 7d,20296/H3P (FAM/Alexa555),Artemina,7d,168.0
100,57,43,./20240321_140300_322/Plate002_Well4_Object5.tif_projection.tif,1.9640113272,70.77352257339874,75.86514290242022,20240321_140300_322,2,4,5,002_4,Slide12,Artemina 7d,20296/H3P (FAM/Alexa555),Artemina,7d,168.0
101,64,262,./20240321_140300_322/Plate002_Well4_Object6.tif_projection.tif,2.2123018008,94.92375765551562,98.08788291069948,20240321_140300_322,2,4,6,002_4,Slide12,Artemina 7d,20296/H3P (FAM/Alexa555),Artemina,7d,168.0
102,63,188,./20240321_140300_322/Plate002_Well4_Object7.tif_projection.tif,2.077901982,117.90739030153156,126.08871942449495,20240321_140300_322,2,4,7,002_4,Slide12,Artemina 7d,20296/H3P (FAM/Alexa555),Artemina,7d,168.0
103,58,89,./20240321_140300_322/Plate002_Well4_Object8.tif_projection.tif,2.5358136336,103.31989564550469,108.0521046063675,20240321_140300_322,2,4,8,002_4,Slide12,Artemina 7d,20296/H3P (FAM/Alexa555),Artemina,7d,168.0
104,62,181,./20240321_140300_322/Plate002_Well4_Object9.tif_projection.tif,2.2112127648,111.70340725775463,118.03477447074478,20240321_140300_322,2,4,9,002_4,Slide12,Artemina 7d,20296/H3P (FAM/Alexa555),Artemina,7d,168.0
105,45,287,./20240321_140300_322/Plate003_Well1_Object0.tif_projection.tif,3.7125158148,28.82142604576737,32.05373550884409,20240321_140300_322,3,1,0,003_1,Slide13,Liver 10min,20296/H3P (FAM/Alexa555),Liver,10min,0.16666666666666666
106,39,62,./20240321_140300_322/Plate003_Well1_Object1.tif_projection.tif,4.5568040544,66.93287583992017,73.5164373979451,20240321_140300_322,3,1,1,003_1,Slide13,Liver 10min,20296/H3P (FAM/Alexa555),Liver,10min,0.16666666666666666
107,40,93,./20240321_140300_322/Plate003_Well1_Object2.tif_projection.tif,3.046207086,45.30223852286056,49.89811779329569,20240321_140300_322,3,1,2,003_1,Slide13,Liver 10min,20296/H3P (FAM/Alexa555),Liver,10min,0.16666666666666666
108,42,175,./20240321_140300_322/Plate003_Well1_Object3.tif_projection.tif,3.25586781,51.292008688768,54.977662007721385,20240321_140300_322,3,1,3,003_1,Slide13,Liver 10min,20296/H3P (FAM/Alexa555),Liver,10min,0.16666666666666666
109,38,4,./20240321_140300_322/Plate003_Well1_Object4.tif_projection.tif,3.0188254356,26.50037297837322,30.475428925129204,20240321_140300_322,3,1,4,003_1,Slide13,Liver 10min,20296/H3P (FAM/Alexa555),Liver,10min,0.16666666666666666
110,43,203,./20240321_140300_322/Plate003_Well1_Object5.tif_projection.tif,4.2858482472,27.99912481231634,30.3323852133427,20240321_140300_322,3,1,5,003_1,Slide13,Liver 10min,20296/H3P (FAM/Alexa555),Liver,10min,0.16666666666666666
111,41,150,./20240321_140300_322/Plate003_Well1_Object6.tif_projection.tif,3.4433663472,90.89941889410588,96.41727499310912,20240321_140300_322,3,1,6,003_1,Slide13,Liver 10min,20296/H3P (FAM/Alexa555),Liver,10min,0.16666666666666666
112,44,233,./20240321_140300_322/Plate003_Well1_Object7.tif_projection.tif,2.54735559,20.02076200127207,22.768709726936866,20240321_140300_322,3,1,7,003_1,Slide13,Liver 10min,20296/H3P (FAM/Alexa555),Liver,10min,0.16666666666666666
113,25,198,./20240321_140300_322/Plate003_Well2_Object0.tif_projection.tif,3.17542212,111.4812414294072,118.72437293470766,20240321_140300_322,3,2,0,003_2,Slide14,Liver 2h,20296/H3P (FAM/Alexa555),Liver,2h,2.0
114,23,82,./20240321_140300_322/Plate003_Well2_Object1.tif_projection.tif,2.9078733528,180.8882080416305,192.2367077856872,20240321_140300_322,3,2,1,003_2,Slide14,Liver 2h,20296/H3P (FAM/Alexa555),Liver,2h,2.0
115,19,2,./20240321_140300_322/Plate003_Well2_Object2.tif_projection.tif,2.9758194648,307.14228830458586,325.6245923054089,20240321_140300_322,3,2,2,003_2,Slide14,Liver 2h,20296/H3P (FAM/Alexa555),Liver,2h,2.0
116,21,24,./20240321_140300_322/Plate003_Well2_Object3.tif_projection.tif,2.6355230928,118.7620024484272,122.55631562569324,20240321_140300_322,3,2,3,003_2,Slide14,Liver 2h,20296/H3P (FAM/Alexa555),Liver,2h,2.0
117,22,45,./20240321_140300_322/Plate003_Well2_Object4.tif_projection.tif,2.8566789264,274.4445631445185,286.69655257061305,20240321_140300_322,3,2,4,003_2,Slide14,Liver 2h,20296/H3P (FAM/Alexa555),Liver,2h,2.0
118,24,156,./20240321_140300_322/Plate003_Well2_Object5.tif_projection.tif,3.7330049016,211.62576016479343,219.39430072780485,20240321_140300_322,3,2,5,003_2,Slide14,Liver 2h,20296/H3P (FAM/Alexa555),Liver,2h,2.0
119,20,6,./20240321_140300_322/Plate003_Well2_Object6.tif_projection.tif,3.2800340664,282.31414102852017,294.2042614390086,20240321_140300_322,3,2,6,003_2,Slide14,Liver 2h,20296/H3P (FAM/Alexa555),Liver,2h,2.0
120,26,264,./20240321_140300_322/Plate003_Well2_Object7.tif_projection.tif,3.7803700584,249.97552763391656,273.25367200617546,20240321_140300_322,3,2,7,003_2,Slide14,Liver 2h,20296/H3P (FAM/Alexa555),Liver,2h,2.0
121,95,54,./20240321_140300_322/Plate003_Well3_Object0.tif_projection.tif,3.4083766548,406.05840849511736,444.493127796317,20240321_140300_322,3,3,0,003_3,Slide15,Liver 4h,20296/H3P (FAM/Alexa555),Liver,4h,4.0
122,93,26,./20240321_140300_322/Plate003_Well3_Object1.tif_projection.tif,4.893078294,409.1493901609742,440.8267904981125,20240321_140300_322,3,3,1,003_3,Slide15,Liver 4h,20296/H3P (FAM/Alexa555),Liver,4h,4.0
123,99,286,./20240321_140300_322/Plate003_Well3_Object2.tif_projection.tif,2.7866520864,353.8296024868273,391.8680790219223,20240321_140300_322,3,3,2,003_3,Slide15,Liver 4h,20296/H3P (FAM/Alexa555),Liver,4h,4.0
124,98,249,./20240321_140300_322/Plate003_Well3_Object3.tif_projection.tif,2.8369278288,389.85834915223415,425.1077478097599,20240321_140300_322,3,3,3,003_3,Slide15,Liver 4h,20296/H3P (FAM/Alexa555),Liver,4h,4.0
125,96,128,./20240321_140300_322/Plate003_Well3_Object4.tif_projection.tif,3.194249058,456.7583721582176,495.89120047883256,20240321_140300_322,3,3,4,003_3,Slide15,Liver 4h,20296/H3P (FAM/Alexa555),Liver,4h,4.0
126,92,11,./20240321_140300_322/Plate003_Well3_Object5.tif_projection.tif,3.0612418668,594.5299584911584,637.6497137223853,20240321_140300_322,3,3,5,003_3,Slide15,Liver 4h,20296/H3P (FAM/Alexa555),Liver,4h,4.0
127,97,190,./20240321_140300_322/Plate003_Well3_Object6.tif_projection.tif,2.7673913592,385.20030658336674,418.8059618481445,20240321_140300_322,3,3,6,003_3,Slide15,Liver 4h,20296/H3P (FAM/Alexa555),Liver,4h,4.0
128,94,50,./20240321_140300_322/Plate003_Well3_Object7.tif_projection.tif,4.0654583892,439.8028042175688,476.2070631796494,20240321_140300_322,3,3,7,003_3,Slide15,Liver 4h,20296/H3P (FAM/Alexa555),Liver,4h,4.0
129,71,186,./20240321_140300_322/Plate003_Well4_Object0.tif_projection.tif,3.6473586084,250.8664757813289,282.3961421363593,20240321_140300_322,3,4,0,003_4,Slide16,Liver 6h,20296/H3P (FAM/Alexa555),Liver,6h,6.0
130,68,94,./20240321_140300_322/Plate003_Well4_Object1.tif_projection.tif,4.0479839244,188.98296393639703,211.46329036543247,20240321_140300_322,3,4,1,003_4,Slide16,Liver 6h,20296/H3P (FAM/Alexa555),Liver,6h,6.0
131,74,290,./20240321_140300_322/Plate003_Well4_Object2.tif_projection.tif,4.3798423968,306.6320379430142,333.8019653556864,20240321_140300_322,3,4,2,003_4,Slide16,Liver 6h,20296/H3P (FAM/Alexa555),Liver,6h,6.0
132,70,168,./20240321_140300_322/Plate003_Well4_Object3.tif_projection.tif,3.4372890396,298.49104575721,334.85691390501825,20240321_140300_322,3,4,3,003_4,Slide16,Liver 6h,20296/H3P (FAM/Alexa555),Liver,6h,6.0
133,66,8,./20240321_140300_322/Plate003_Well4_Object4.tif_projection.tif,2.4292846188,335.0780693626973,368.8328625908806,20240321_140300_322,3,4,4,003_4,Slide16,Liver 6h,20296/H3P (FAM/Alexa555),Liver,6h,6.0
134,72,252,./20240321_140300_322/Plate003_Well4_Object5.tif_projection.tif,2.4289372224,342.9483447813954,380.4132900096151,20240321_140300_322,3,4,5,003_4,Slide16,Liver 6h,20296/H3P (FAM/Alexa555),Liver,6h,6.0
135,69,117,./20240321_140300_322/Plate003_Well4_Object6.tif_projection.tif,3.1669099956,298.0823582961191,323.97510552099385,20240321_140300_322,3,4,6,003_4,Slide16,Liver 6h,20296/H3P (FAM/Alexa555),Liver,6h,6.0
136,73,276,./20240321_140300_322/Plate003_Well4_Object7.tif_projection.tif,2.9454444864,337.80979563329515,372.4395435273616,20240321_140300_322,3,4,7,003_4,Slide16,Liver 6h,20296/H3P (FAM/Alexa555),Liver,6h,6.0
137,67,15,./20240321_140300_322/Plate003_Well4_Object8.tif_projection.tif,3.0660171984,396.931889565098,426.285932343125,20240321_140300_322,3,4,8,003_4,Slide16,Liver 6h,20296/H3P (FAM/Alexa555),Liver,6h,6.0
138,202,142,./20240321_140300_322/Plate004_Well1_Object0.tif_projection.tif,3.2674955508,201.37747390012456,223.10665421457568,20240321_140300_322,4,1,0,004_1,Slide17,Liver 1d,20296/H3P (FAM/Alexa555),Liver,1d,24.0
139,203,149,./20240321_140300_322/Plate004_Well1_Object1.tif_projection.tif,3.9290964804,206.6632886340665,231.3508982369045,20240321_140300_322,4,1,1,004_1,Slide17,Liver 1d,20296/H3P (FAM/Alexa555),Liver,1d,24.0
140,205,218,./20240321_140300_322/Plate004_Well1_Object2.tif_projection.tif,2.3071811724,349.777472898036,364.0806409347587,20240321_140300_322,4,1,2,004_1,Slide17,Liver 1d,20296/H3P (FAM/Alexa555),Liver,1d,24.0
141,200,104,./20240321_140300_322/Plate004_Well1_Object3.tif_projection.tif,2.256376122,335.49371162863247,362.5282115088789,20240321_140300_322,4,1,3,004_1,Slide17,Liver 1d,20296/H3P (FAM/Alexa555),Liver,1d,24.0
142,206,275,./20240321_140300_322/Plate004_Well1_Object4.tif_projection.tif,2.48137461,313.53589130179745,346.98509307306887,20240321_140300_322,4,1,4,004_1,Slide17,Liver 1d,20296/H3P (FAM/Alexa555),Liver,1d,24.0
143,204,153,./20240321_140300_322/Plate004_Well1_Object5.tif_projection.tif,2.4947125632,326.6909430858796,357.95707015422147,20240321_140300_322,4,1,5,004_1,Slide17,Liver 1d,20296/H3P (FAM/Alexa555),Liver,1d,24.0
144,199,33,./20240321_140300_322/Plate004_Well1_Object6.tif_projection.tif,2.8685189988,306.77851545279435,329.7869041117539,20240321_140300_322,4,1,6,004_1,Slide17,Liver 1d,20296/H3P (FAM/Alexa555),Liver,1d,24.0
145,201,112,./20240321_140300_322/Plate004_Well1_Object7.tif_projection.tif,3.6668547864,331.6193497790049,362.16323725865016,20240321_140300_322,4,1,7,004_1,Slide17,Liver 1d,20296/H3P (FAM/Alexa555),Liver,1d,24.0
146,263,270,./20240321_140300_322/Plate004_Well2_Object0.tif_projection.tif,5.627490101999999,202.75468802592664,237.9391124160524,20240321_140300_322,4,2,0,004_2,Slide18,Liver 2d,20296/H3P (FAM/Alexa555),Liver,2d,48.0
147,264,271,./20240321_140300_322/Plate004_Well2_Object1.tif_projection.tif,2.7608498424,332.144105020523,368.0026288995108,20240321_140300_322,4,2,1,004_2,Slide18,Liver 2d,20296/H3P (FAM/Alexa555),Liver,2d,48.0
148,258,74,./20240321_140300_322/Plate004_Well2_Object2.tif_projection.tif,3.0283669728,337.4756128234579,378.7519842548984,20240321_140300_322,4,2,2,004_2,Slide18,Liver 2d,20296/H3P (FAM/Alexa555),Liver,2d,48.0
149,257,55,./20240321_140300_322/Plate004_Well2_Object3.tif_projection.tif,2.8399680036,357.75050941140825,390.145240578583,20240321_140300_322,4,2,3,004_2,Slide18,Liver 2d,20296/H3P (FAM/Alexa555),Liver,2d,48.0
150,259,105,./20240321_140300_322/Plate004_Well2_Object4.tif_projection.tif,2.5422705828,330.0199458217953,368.5681635697523,20240321_140300_322,4,2,4,004_2,Slide18,Liver 2d,20296/H3P (FAM/Alexa555),Liver,2d,48.0
151,261,183,./20240321_140300_322/Plate004_Well2_Object5.tif_projection.tif,3.3289263072,355.36983724792503,387.2119359362429,20240321_140300_322,4,2,5,004_2,Slide18,Liver 2d,20296/H3P (FAM/Alexa555),Liver,2d,48.0
152,260,136,./20240321_140300_322/Plate004_Well2_Object6.tif_projection.tif,2.6750879532,407.4632382446034,444.471367222783,20240321_140300_322,4,2,6,004_2,Slide18,Liver 2d,20296/H3P (FAM/Alexa555),Liver,2d,48.0
153,262,219,./20240321_140300_322/Plate004_Well2_Object7.tif_projection.tif,2.652900822,399.1856729878159,434.61858447115367,20240321_140300_322,4,2,7,004_2,Slide18,Liver 2d,20296/H3P (FAM/Alexa555),Liver,2d,48.0
154,86,123,./20240321_140300_322/Plate004_Well3_Object0.tif_projection.tif,3.4911385236,288.4445842502977,297.8970880042796,20240321_140300_322,4,3,0,004_3,Slide19,Liver 3d,20296/H3P (FAM/Alexa555),Liver,3d,72.0
155,90,247,./20240321_140300_322/Plate004_Well3_Object1.tif_projection.tif,4.170411648,273.1145258876852,281.5069827850241,20240321_140300_322,4,3,1,004_3,Slide19,Liver 3d,20296/H3P (FAM/Alexa555),Liver,3d,72.0
156,83,10,./20240321_140300_322/Plate004_Well3_Object2.tif_projection.tif,4.0089094344,328.0193832058498,344.2332690677359,20240321_140300_322,4,3,2,004_3,Slide19,Liver 3d,20296/H3P (FAM/Alexa555),Liver,3d,72.0
157,91,277,./20240321_140300_322/Plate004_Well3_Object3.tif_projection.tif,2.3445235476,258.9012171028792,267.0052090715031,20240321_140300_322,4,3,3,004_3,Slide19,Liver 3d,20296/H3P (FAM/Alexa555),Liver,3d,72.0
158,85,75,./20240321_140300_322/Plate004_Well3_Object4.tif_projection.tif,2.4740817192,364.1755213693347,380.7473264482945,20240321_140300_322,4,3,4,004_3,Slide19,Liver 3d,20296/H3P (FAM/Alexa555),Liver,3d,72.0
159,88,169,./20240321_140300_322/Plate004_Well3_Object5.tif_projection.tif,2.9270227428,338.22764187098954,351.2101170135124,20240321_140300_322,4,3,5,004_3,Slide19,Liver 3d,20296/H3P (FAM/Alexa555),Liver,3d,72.0
160,89,197,./20240321_140300_322/Plate004_Well3_Object6.tif_projection.tif,3.5330651928,383.80271124444,404.7476969613195,20240321_140300_322,4,3,6,004_3,Slide19,Liver 3d,20296/H3P (FAM/Alexa555),Liver,3d,72.0
161,87,161,./20240321_140300_322/Plate004_Well3_Object7.tif_projection.tif,3.0490258032,408.98309180960496,424.0698778747548,20240321_140300_322,4,3,7,004_3,Slide19,Liver 3d,20296/H3P (FAM/Alexa555),Liver,3d,72.0
163,130,146,./20240321_140300_322/Plate004_Well4_Object1.tif_projection.tif,2.65387122,133.76685248502753,140.17258908290208,20240321_140300_322,4,4,1,004_4,Slide20,Liver 4d,20296/H3P (FAM/Alexa555),Liver,4d,96.0
164,127,18,./20240321_140300_322/Plate004_Well4_Object2.tif_projection.tif,3.65853735,205.5466237074223,216.47995475568945,20240321_140300_322,4,4,2,004_4,Slide20,Liver 4d,20296/H3P (FAM/Alexa555),Liver,4d,96.0
165,133,282,./20240321_140300_322/Plate004_Well4_Object3.tif_projection.tif,2.507630112,175.0656916660921,183.4401324974997,20240321_140300_322,4,4,3,004_4,Slide20,Liver 4d,20296/H3P (FAM/Alexa555),Liver,4d,96.0
166,128,100,./20240321_140300_322/Plate004_Well4_Object4.tif_projection.tif,2.427497748,262.41013015349665,278.06410966029864,20240321_140300_322,4,4,4,004_4,Slide20,Liver 4d,20296/H3P (FAM/Alexa555),Liver,4d,96.0
167,134,283,./20240321_140300_322/Plate004_Well4_Object5.tif_projection.tif,2.2158493812,245.50405122996003,257.2377007372743,20240321_140300_322,4,4,5,004_4,Slide20,Liver 4d,20296/H3P (FAM/Alexa555),Liver,4d,96.0
168,132,244,./20240321_140300_322/Plate004_Well4_Object6.tif_projection.tif,0.5159365848,360.5094220486455,395.3974306339983,20240321_140300_322,4,4,6,004_4,Slide20,Liver 4d,20296/H3P (FAM/Alexa555),Liver,4d,96.0
169,126,17,./20240321_140300_322/Plate004_Well4_Object7.tif_projection.tif,3.4270983396,343.1474336208452,354.81911503652026,20240321_140300_322,4,4,7,004_4,Slide20,Liver 4d,20296/H3P (FAM/Alexa555),Liver,4d,96.0
170,129,130,./20240321_140300_322/Plate004_Well4_Object8.tif_projection.tif,2.7691374672,237.61911706945108,248.81393869430363,20240321_140300_322,4,4,8,004_4,Slide20,Liver 4d,20296/H3P (FAM/Alexa555),Liver,4d,96.0
171,13,137,./20240321_140300_322/Plate005_Well1_Object0.tif_projection.tif,3.6786839076,82.91008623216672,85.0847770185842,20240321_140300_322,5,1,0,005_1,Slide21,Liver 5d,20296/H3P (FAM/Alexa555),Liver,5d,120.0
172,18,235,./20240321_140300_322/Plate005_Well1_Object1.tif_projection.tif,3.0414579156,155.1887328701988,163.07968538902247,20240321_140300_322,5,1,1,005_1,Slide21,Liver 5d,20296/H3P (FAM/Alexa555),Liver,5d,120.0
173,12,64,./20240321_140300_322/Plate005_Well1_Object2.tif_projection.tif,2.9689445448,89.93094885104571,94.6464293151455,20240321_140300_322,5,1,2,005_1,Slide21,Liver 5d,20296/H3P (FAM/Alexa555),Liver,5d,120.0
174,10,14,./20240321_140300_322/Plate005_Well1_Object3.tif_projection.tif,2.6434079568,90.79188832076228,92.30508645944164,20240321_140300_322,5,1,3,005_1,Slide21,Liver 5d,20296/H3P (FAM/Alexa555),Liver,5d,120.0
175,11,56,./20240321_140300_322/Plate005_Well1_Object4.tif_projection.tif,3.7563692868,158.93006102937665,163.98813667352766,20240321_140300_322,5,1,4,005_1,Slide21,Liver 5d,20296/H3P (FAM/Alexa555),Liver,5d,120.0
176,17,204,./20240321_140300_322/Plate005_Well1_Object5.tif_projection.tif,2.7681695028,92.11863642817676,95.73113197437976,20240321_140300_322,5,1,5,005_1,Slide21,Liver 5d,20296/H3P (FAM/Alexa555),Liver,5d,120.0
177,16,195,./20240321_140300_322/Plate005_Well1_Object6.tif_projection.tif,3.0856417488,111.80818386780312,117.31757263810069,20240321_140300_322,5,1,6,005_1,Slide21,Liver 5d,20296/H3P (FAM/Alexa555),Liver,5d,120.0
178,15,192,./20240321_140300_322/Plate005_Well1_Object7.tif_projection.tif,2.2414131324,91.4601583423827,94.58318813943968,20240321_140300_322,5,1,7,005_1,Slide21,Liver 5d,20296/H3P (FAM/Alexa555),Liver,5d,120.0
179,9,1,./20240321_140300_322/Plate005_Well1_Object8.tif_projection.tif,3.4359262236,236.32637814592684,246.80390230017971,20240321_140300_322,5,1,8,005_1,Slide21,Liver 5d,20296/H3P (FAM/Alexa555),Liver,5d,120.0
180,14,187,./20240321_140300_322/Plate005_Well1_Object9.tif_projection.tif,3.4706202336,198.523593370893,209.18451202796564,20240321_140300_322,5,1,9,005_1,Slide21,Liver 5d,20296/H3P (FAM/Alexa555),Liver,5d,120.0
181,244,193,./20240321_140300_322/Plate005_Well2_Object0.tif_projection.tif,3.3677020728,100.95904942010344,105.11618674916652,20240321_140300_322,5,2,0,005_2,Slide22,Liver 6d,20296/H3P (FAM/Alexa555),Liver,6d,144.0
182,246,241,./20240321_140300_322/Plate005_Well2_Object1.tif_projection.tif,3.915200016,93.4818140846677,100.88884306951844,20240321_140300_322,5,2,1,005_2,Slide22,Liver 6d,20296/H3P (FAM/Alexa555),Liver,6d,144.0
183,239,73,./20240321_140300_322/Plate005_Well2_Object2.tif_projection.tif,3.857283378,136.88390202582622,143.36514738689755,20240321_140300_322,5,2,2,005_2,Slide22,Liver 6d,20296/H3P (FAM/Alexa555),Liver,6d,144.0
184,242,162,./20240321_140300_322/Plate005_Well2_Object3.tif_projection.tif,2.7356231448,108.56758562105,112.954154737052,20240321_140300_322,5,2,3,005_2,Slide22,Liver 6d,20296/H3P (FAM/Alexa555),Liver,6d,144.0
185,238,71,./20240321_140300_322/Plate005_Well2_Object4.tif_projection.tif,3.0506897772,81.29309045235686,84.89883236758237,20240321_140300_322,5,2,4,005_2,Slide22,Liver 6d,20296/H3P (FAM/Alexa555),Liver,6d,144.0
186,245,209,./20240321_140300_322/Plate005_Well2_Object5.tif_projection.tif,3.3123261132,76.98517334503862,81.81561559413909,20240321_140300_322,5,2,5,005_2,Slide22,Liver 6d,20296/H3P (FAM/Alexa555),Liver,6d,144.0
187,240,121,./20240321_140300_322/Plate005_Well2_Object6.tif_projection.tif,3.1941997776,108.94747487005148,114.2696216309448,20240321_140300_322,5,2,6,005_2,Slide22,Liver 6d,20296/H3P (FAM/Alexa555),Liver,6d,144.0
188,241,151,./20240321_140300_322/Plate005_Well2_Object7.tif_projection.tif,2.402401248,82.00128940325959,88.24504240350778,20240321_140300_322,5,2,7,005_2,Slide22,Liver 6d,20296/H3P (FAM/Alexa555),Liver,6d,144.0
189,243,165,./20240321_140300_322/Plate005_Well2_Object8.tif_projection.tif,2.8930350852,83.6491756487876,89.1796996586248,20240321_140300_322,5,2,8,005_2,Slide22,Liver 6d,20296/H3P (FAM/Alexa555),Liver,6d,144.0
190,237,48,./20240321_140300_322/Plate005_Well2_Object9.tif_projection.tif,4.0225619304,99.93631097682702,104.65966895831885,20240321_140300_322,5,2,9,005_2,Slide22,Liver 6d,20296/H3P (FAM/Alexa555),Liver,6d,144.0
191,216,288,./20240321_140300_322/Plate005_Well3_Object0.tif_projection.tif,4.9120214364,94.25854630213723,101.79108671937064,20240321_140300_322,5,3,0,005_3,Slide23,Liver 7d,20296/H3P (FAM/Alexa555),Liver,7d,168.0
192,212,144,./20240321_140300_322/Plate005_Well3_Object1.tif_projection.tif,3.229514964,79.88815747131494,84.8424618106213,20240321_140300_322,5,3,1,005_3,Slide23,Liver 7d,20296/H3P (FAM/Alexa555),Liver,7d,168.0
193,208,38,./20240321_140300_322/Plate005_Well3_Object10.tif_projection.tif,3.1534704396,83.08306832685365,86.25417780497783,20240321_140300_322,5,3,10,005_3,Slide23,Liver 7d,20296/H3P (FAM/Alexa555),Liver,7d,168.0
194,210,57,./20240321_140300_322/Plate005_Well3_Object2.tif_projection.tif,4.273270794,81.90447478578396,84.71262820701084,20240321_140300_322,5,3,2,005_3,Slide23,Liver 7d,20296/H3P (FAM/Alexa555),Liver,7d,168.0
195,214,200,./20240321_140300_322/Plate005_Well3_Object3.tif_projection.tif,2.693088684,98.40002729000364,103.22719844007928,20240321_140300_322,5,3,3,005_3,Slide23,Liver 7d,20296/H3P (FAM/Alexa555),Liver,7d,168.0
196,215,201,./20240321_140300_322/Plate005_Well3_Object4.tif_projection.tif,2.9293054596,101.73059932120982,109.58228987284684,20240321_140300_322,5,3,4,005_3,Slide23,Liver 7d,20296/H3P (FAM/Alexa555),Liver,7d,168.0
197,207,36,./20240321_140300_322/Plate005_Well3_Object5.tif_projection.tif,3.780965682,88.8661861173698,94.15584005292752,20240321_140300_322,5,3,5,005_3,Slide23,Liver 7d,20296/H3P (FAM/Alexa555),Liver,7d,168.0
198,209,41,./20240321_140300_322/Plate005_Well3_Object6.tif_projection.tif,4.1273351028,98.61084449476604,105.63717002387712,20240321_140300_322,5,3,6,005_3,Slide23,Liver 7d,20296/H3P (FAM/Alexa555),Liver,7d,168.0
199,213,164,./20240321_140300_322/Plate005_Well3_Object7.tif_projection.tif,2.5522477344,141.8357611296309,147.7129335521294,20240321_140300_322,5,3,7,005_3,Slide23,Liver 7d,20296/H3P (FAM/Alexa555),Liver,7d,168.0
200,211,131,./20240321_140300_322/Plate005_Well3_Object8.tif_projection.tif,3.4534657872,109.1656970795312,114.95698074422783,20240321_140300_322,5,3,8,005_3,Slide23,Liver 7d,20296/H3P (FAM/Alexa555),Liver,7d,168.0
201,217,295,./20240321_140300_322/Plate005_Well3_Object9.tif_projection.tif,3.0658529304,119.05332978655916,125.57679991185006,20240321_140300_322,5,3,9,005_3,Slide23,Liver 7d,20296/H3P (FAM/Alexa555),Liver,7d,168.0
202,147,179,./20240321_140300_322/Plate005_Well4_Object0.tif_projection.tif,3.4535126339999995,174.31527369359554,180.39603905500005,20240321_140300_322,5,4,0,005_4,Slide24,Peptone 10min,20296/H3P (FAM/Alexa555),Peptone,10min,0.16666666666666666
203,149,212,./20240321_140300_322/Plate005_Well4_Object1.tif_projection.tif,2.7105296868,140.9318635616871,145.3590425217401,20240321_140300_322,5,4,1,005_4,Slide24,Peptone 10min,20296/H3P (FAM/Alexa555),Peptone,10min,0.16666666666666666
204,150,291,./20240321_140300_322/Plate005_Well4_Object2.tif_projection.tif,2.1962984472,184.85648000962624,193.05208749773772,20240321_140300_322,5,4,2,005_4,Slide24,Peptone 10min,20296/H3P (FAM/Alexa555),Peptone,10min,0.16666666666666666
205,146,167,./20240321_140300_322/Plate005_Well4_Object3.tif_projection.tif,2.9497324896,129.8422827664406,139.67368276703272,20240321_140300_322,5,4,3,005_4,Slide24,Peptone 10min,20296/H3P (FAM/Alexa555),Peptone,10min,0.16666666666666666
206,144,59,./20240321_140300_322/Plate005_Well4_Object4.tif_projection.tif,2.5339202928,132.60085605483573,139.70447334348765,20240321_140300_322,5,4,4,005_4,Slide24,Peptone 10min,20296/H3P (FAM/Alexa555),Peptone,10min,0.16666666666666666
207,148,189,./20240321_140300_322/Plate005_Well4_Object5.tif_projection.tif,2.5687079964,173.62814326309618,176.74254942028176,20240321_140300_322,5,4,5,005_4,Slide24,Peptone 10min,20296/H3P (FAM/Alexa555),Peptone,10min,0.16666666666666666
208,143,22,./20240321_140300_322/Plate005_Well4_Object6.tif_projection.tif,2.70331893,96.54798666319408,102.09672152889488,20240321_140300_322,5,4,6,005_4,Slide24,Peptone 10min,20296/H3P (FAM/Alexa555),Peptone,10min,0.16666666666666666
209,145,90,./20240321_140300_322/Plate005_Well4_Object7.tif_projection.tif,1.925047566,109.08821356365384,110.64661661456316,20240321_140300_322,5,4,7,005_4,Slide24,Peptone 10min,20296/H3P (FAM/Alexa555),Peptone,10min,0.16666666666666666
210,151,292,./20240321_140300_322/Plate005_Well4_Object8.tif_projection.tif,2.574432432,137.1176013836047,140.6135175661895,20240321_140300_322,5,4,8,005_4,Slide24,Peptone 10min,20296/H3P (FAM/Alexa555),Peptone,10min,0.16666666666666666
211,277,138,./20240321_140300_322/Plate006_Well1_Object0.tif_projection.tif,3.337618518,414.0676930412453,430.8461234394434,20240321_140300_322,6,1,0,006_1,Slide25,Peptone 2h,20296/H3P (FAM/Alexa555),Peptone,2h,2.0
212,275,103,./20240321_140300_322/Plate006_Well1_Object1.tif_projection.tif,2.6851295952,466.2717219452292,489.3618551405999,20240321_140300_322,6,1,1,006_1,Slide25,Peptone 2h,20296/H3P (FAM/Alexa555),Peptone,2h,2.0
213,278,217,./20240321_140300_322/Plate006_Well1_Object2.tif_projection.tif,3.3521465016,470.1465163434133,485.36064853472936,20240321_140300_322,6,1,2,006_1,Slide25,Peptone 2h,20296/H3P (FAM/Alexa555),Peptone,2h,2.0
214,276,127,./20240321_140300_322/Plate006_Well1_Object3.tif_projection.tif,5.18168196,474.5563349858701,491.7322251093929,20240321_140300_322,6,1,3,006_1,Slide25,Peptone 2h,20296/H3P (FAM/Alexa555),Peptone,2h,2.0
215,274,96,./20240321_140300_322/Plate006_Well1_Object4.tif_projection.tif,2.4089707512,507.27058408296375,527.1961062073354,20240321_140300_322,6,1,4,006_1,Slide25,Peptone 2h,20296/H3P (FAM/Alexa555),Peptone,2h,2.0
216,280,256,./20240321_140300_322/Plate006_Well1_Object5.tif_projection.tif,2.83461165,504.4782765921392,527.0563253347244,20240321_140300_322,6,1,5,006_1,Slide25,Peptone 2h,20296/H3P (FAM/Alexa555),Peptone,2h,2.0
217,279,222,./20240321_140300_322/Plate006_Well1_Object6.tif_projection.tif,3.0177875052,556.0364992924817,575.9186148810091,20240321_140300_322,6,1,6,006_1,Slide25,Peptone 2h,20296/H3P (FAM/Alexa555),Peptone,2h,2.0
218,273,86,./20240321_140300_322/Plate006_Well1_Object7.tif_projection.tif,2.5563696444,469.4156819725691,488.58348898644897,20240321_140300_322,6,1,7,006_1,Slide25,Peptone 2h,20296/H3P (FAM/Alexa555),Peptone,2h,2.0
219,289,125,./20240321_140300_322/Plate006_Well2_Object0.tif_projection.tif,3.281350644,295.3052279773365,308.71434049643125,20240321_140300_322,6,2,0,006_2,Slide26,Peptone 4h,20296/H3P (FAM/Alexa555),Peptone,4h,4.0
220,295,294,./20240321_140300_322/Plate006_Well2_Object1.tif_projection.tif,2.9727202752,327.9824234166814,347.1567804779643,20240321_140300_322,6,2,1,006_2,Slide26,Peptone 4h,20296/H3P (FAM/Alexa555),Peptone,4h,4.0
221,291,154,./20240321_140300_322/Plate006_Well2_Object2.tif_projection.tif,2.7596512944,343.1592976698513,360.9151641807517,20240321_140300_322,6,2,2,006_2,Slide26,Peptone 4h,20296/H3P (FAM/Alexa555),Peptone,4h,4.0
222,294,251,./20240321_140300_322/Plate006_Well2_Object3.tif_projection.tif,2.16138663,328.4928249972565,344.2234673210688,20240321_140300_322,6,2,3,006_2,Slide26,Peptone 4h,20296/H3P (FAM/Alexa555),Peptone,4h,4.0
223,292,243,./20240321_140300_322/Plate006_Well2_Object4.tif_projection.tif,2.188722042,331.2435229726626,343.1226010378892,20240321_140300_322,6,2,4,006_2,Slide26,Peptone 4h,20296/H3P (FAM/Alexa555),Peptone,4h,4.0
224,290,152,./20240321_140300_322/Plate006_Well2_Object5.tif_projection.tif,2.3304403044,378.4692524990816,391.34235632558097,20240321_140300_322,6,2,5,006_2,Slide26,Peptone 4h,20296/H3P (FAM/Alexa555),Peptone,4h,4.0
225,293,248,./20240321_140300_322/Plate006_Well2_Object6.tif_projection.tif,2.6054358876,343.5125785514646,353.8755278485479,20240321_140300_322,6,2,6,006_2,Slide26,Peptone 4h,20296/H3P (FAM/Alexa555),Peptone,4h,4.0
226,297,297,./20240321_140300_322/Plate006_Well2_Object7.tif_projection.tif,2.9005421328,346.48695105484865,357.1746082515654,20240321_140300_322,6,2,7,006_2,Slide26,Peptone 4h,20296/H3P (FAM/Alexa555),Peptone,4h,4.0
227,296,296,./20240321_140300_322/Plate006_Well2_Object8.tif_projection.tif,2.28557628,366.64713723752857,383.2731410740752,20240321_140300_322,6,2,8,006_2,Slide26,Peptone 4h,20296/H3P (FAM/Alexa555),Peptone,4h,4.0
228,191,32,./20240321_140300_322/Plate006_Well3_Object0.tif_projection.tif,2.8750769424,224.3418221223602,235.81977581234145,20240321_140300_322,6,3,0,006_3,Slide27,Peptone 6h,20296/H3P (FAM/Alexa555),Peptone,6h,6.0
229,197,221,./20240321_140300_322/Plate006_Well3_Object1.tif_projection.tif,2.3657919948,253.19216622450296,265.87290910719923,20240321_140300_322,6,3,1,006_3,Slide27,Peptone 6h,20296/H3P (FAM/Alexa555),Peptone,6h,6.0
230,192,65,./20240321_140300_322/Plate006_Well3_Object2.tif_projection.tif,3.0319242876,204.4905944834056,210.4274181942141,20240321_140300_322,6,3,2,006_3,Slide27,Peptone 6h,20296/H3P (FAM/Alexa555),Peptone,6h,6.0
231,193,70,./20240321_140300_322/Plate006_Well3_Object3.tif_projection.tif,2.071285632,246.7066792263637,257.8108937512294,20240321_140300_322,6,3,3,006_3,Slide27,Peptone 6h,20296/H3P (FAM/Alexa555),Peptone,6h,6.0
232,194,113,./20240321_140300_322/Plate006_Well3_Object4.tif_projection.tif,2.1605032332,207.82195235827984,212.91335876349385,20240321_140300_322,6,3,4,006_3,Slide27,Peptone 6h,20296/H3P (FAM/Alexa555),Peptone,6h,6.0
233,198,293,./20240321_140300_322/Plate006_Well3_Object5.tif_projection.tif,2.657387772,232.93551905453717,246.85896688170655,20240321_140300_322,6,3,5,006_3,Slide27,Peptone 6h,20296/H3P (FAM/Alexa555),Peptone,6h,6.0
234,196,211,./20240321_140300_322/Plate006_Well3_Object6.tif_projection.tif,2.6459291664,228.2751963544779,239.6133683588394,20240321_140300_322,6,3,6,006_3,Slide27,Peptone 6h,20296/H3P (FAM/Alexa555),Peptone,6h,6.0
235,195,185,./20240321_140300_322/Plate006_Well3_Object7.tif_projection.tif,3.133463814,229.4585298185288,238.39432791994577,20240321_140300_322,6,3,7,006_3,Slide27,Peptone 6h,20296/H3P (FAM/Alexa555),Peptone,6h,6.0
236,158,129,./20240321_140300_322/Plate006_Well4_Object0.tif_projection.tif,3.3786952524,75.76889327859762,79.02458791166235,20240321_140300_322,6,4,0,006_4,Slide28,Peptone 1d,20296/H3P (FAM/Alexa555),Peptone,1d,24.0
237,156,72,./20240321_140300_322/Plate006_Well4_Object1.tif_projection.tif,3.029539968,96.05418745873432,100.01518487971306,20240321_140300_322,6,4,1,006_4,Slide28,Peptone 1d,20296/H3P (FAM/Alexa555),Peptone,1d,24.0
238,159,208,./20240321_140300_322/Plate006_Well4_Object2.tif_projection.tif,2.5208999244,140.02935879496195,149.9464521940386,20240321_140300_322,6,4,2,006_4,Slide28,Peptone 1d,20296/H3P (FAM/Alexa555),Peptone,1d,24.0
239,154,63,./20240321_140300_322/Plate006_Well4_Object3.tif_projection.tif,2.790618246,108.21974680086716,116.10330451483762,20240321_140300_322,6,4,3,006_4,Slide28,Peptone 1d,20296/H3P (FAM/Alexa555),Peptone,1d,24.0
240,152,23,./20240321_140300_322/Plate006_Well4_Object4.tif_projection.tif,2.3695732008,76.80708067535299,83.1373345771678,20240321_140300_322,6,4,4,006_4,Slide28,Peptone 1d,20296/H3P (FAM/Alexa555),Peptone,1d,24.0
241,157,92,./20240321_140300_322/Plate006_Well4_Object5.tif_projection.tif,2.4752522808,175.3356631024824,182.60764912977436,20240321_140300_322,6,4,5,006_4,Slide28,Peptone 1d,20296/H3P (FAM/Alexa555),Peptone,1d,24.0
242,153,46,./20240321_140300_322/Plate006_Well4_Object6.tif_projection.tif,1.9852268436,115.35205698948369,121.39670626404175,20240321_140300_322,6,4,6,006_4,Slide28,Peptone 1d,20296/H3P (FAM/Alexa555),Peptone,1d,24.0
243,155,66,./20240321_140300_322/Plate006_Well4_Object7.tif_projection.tif,2.3161039668,83.76135215900361,85.48839034784903,20240321_140300_322,6,4,7,006_4,Slide28,Peptone 1d,20296/H3P (FAM/Alexa555),Peptone,1d,24.0
244,47,80,./20240321_140300_322/Plate007_Well1_Object0.tif_projection.tif,3.2784966396,109.50140856139494,117.43187269118955,20240321_140300_322,7,1,0,007_1,Slide29,Peptone 2d,20296/H3P (FAM/Alexa555),Peptone,2d,48.0
245,48,88,./20240321_140300_322/Plate007_Well1_Object1.tif_projection.tif,2.553114096,108.1032768697698,118.67859743311683,20240321_140300_322,7,1,1,007_1,Slide29,Peptone 2d,20296/H3P (FAM/Alexa555),Peptone,2d,48.0
246,46,5,./20240321_140300_322/Plate007_Well1_Object2.tif_projection.tif,2.6989804296,98.92624528573204,106.70696120708176,20240321_140300_322,7,1,2,007_1,Slide29,Peptone 2d,20296/H3P (FAM/Alexa555),Peptone,2d,48.0
247,54,231,./20240321_140300_322/Plate007_Well1_Object3.tif_projection.tif,2.2171732596,101.48056721583964,107.79491362038075,20240321_140300_322,7,1,3,007_1,Slide29,Peptone 2d,20296/H3P (FAM/Alexa555),Peptone,2d,48.0
248,53,226,./20240321_140300_322/Plate007_Well1_Object4.tif_projection.tif,2.998973952,151.05166208525975,160.72163603773774,20240321_140300_322,7,1,4,007_1,Slide29,Peptone 2d,20296/H3P (FAM/Alexa555),Peptone,2d,48.0
249,52,210,./20240321_140300_322/Plate007_Well1_Object5.tif_projection.tif,2.3934224808,89.82952308868444,97.76794605931238,20240321_140300_322,7,1,5,007_1,Slide29,Peptone 2d,20296/H3P (FAM/Alexa555),Peptone,2d,48.0
250,50,124,./20240321_140300_322/Plate007_Well1_Object6.tif_projection.tif,2.7448397964,104.55983637967338,112.93919608954268,20240321_140300_322,7,1,6,007_1,Slide29,Peptone 2d,20296/H3P (FAM/Alexa555),Peptone,2d,48.0
251,49,116,./20240321_140300_322/Plate007_Well1_Object8.tif_projection.tif,2.3813481744,114.22101267007402,120.1000353810337,20240321_140300_322,7,1,8,007_1,Slide29,Peptone 2d,20296/H3P (FAM/Alexa555),Peptone,2d,48.0
252,179,159,./20240321_140300_322/Plate007_Well2_Object0.tif_projection.tif,2.8208837124,89.33370733868328,92.16969804784785,20240321_140300_322,7,2,0,007_2,Slide30,Peptone 3d,20296/H3P (FAM/Alexa555),Peptone,3d,72.0
253,176,29,./20240321_140300_322/Plate007_Well2_Object1.tif_projection.tif,2.481499332,104.37238352639622,110.41711616306009,20240321_140300_322,7,2,1,007_2,Slide30,Peptone 3d,20296/H3P (FAM/Alexa555),Peptone,3d,72.0
254,182,278,./20240321_140300_322/Plate007_Well2_Object2.tif_projection.tif,2.5485218928,92.99508105838314,95.74177121622569,20240321_140300_322,7,2,2,007_2,Slide30,Peptone 3d,20296/H3P (FAM/Alexa555),Peptone,3d,72.0
255,181,261,./20240321_140300_322/Plate007_Well2_Object3.tif_projection.tif,2.8735455996,100.22461451110776,102.66062944714164,20240321_140300_322,7,2,3,007_2,Slide30,Peptone 3d,20296/H3P (FAM/Alexa555),Peptone,3d,72.0
256,180,254,./20240321_140300_322/Plate007_Well2_Object4.tif_projection.tif,2.2557701556,126.7859667750274,131.66235011252846,20240321_140300_322,7,2,4,007_2,Slide30,Peptone 3d,20296/H3P (FAM/Alexa555),Peptone,3d,72.0
257,178,139,./20240321_140300_322/Plate007_Well2_Object5.tif_projection.tif,2.5629038604,62.03900288916199,65.55064456213341,20240321_140300_322,7,2,5,007_2,Slide30,Peptone 3d,20296/H3P (FAM/Alexa555),Peptone,3d,72.0
258,177,91,./20240321_140300_322/Plate007_Well2_Object6.tif_projection.tif,2.8999069632,93.45127393361471,97.93417637323462,20240321_140300_322,7,2,6,007_2,Slide30,Peptone 3d,20296/H3P (FAM/Alexa555),Peptone,3d,72.0
259,170,196,./20240321_140300_322/Plate007_Well3_Object0.tif_projection.tif,2.68389576,99.85484682162172,103.95336665385246,20240321_140300_322,7,3,0,007_3,Slide31,Peptone 4d,20296/H3P (FAM/Alexa555),Peptone,4d,96.0
260,175,260,./20240321_140300_322/Plate007_Well3_Object1.tif_projection.tif,2.7746252352,77.12753321966183,80.01080548955572,20240321_140300_322,7,3,1,007_3,Slide31,Peptone 4d,20296/H3P (FAM/Alexa555),Peptone,4d,96.0
261,172,223,./20240321_140300_322/Plate007_Well3_Object2.tif_projection.tif,1.6415179560000002,61.52841620210702,65.18356963985595,20240321_140300_322,7,3,2,007_3,Slide31,Peptone 4d,20296/H3P (FAM/Alexa555),Peptone,4d,96.0
262,168,27,./20240321_140300_322/Plate007_Well3_Object3.tif_projection.tif,2.4362088192,76.75860891982441,80.04239967575272,20240321_140300_322,7,3,3,007_3,Slide31,Peptone 4d,20296/H3P (FAM/Alexa555),Peptone,4d,96.0
263,174,253,./20240321_140300_322/Plate007_Well3_Object4.tif_projection.tif,2.0525274432,79.41428531931066,85.747939976679,20240321_140300_322,7,3,4,007_3,Slide31,Peptone 4d,20296/H3P (FAM/Alexa555),Peptone,4d,96.0
264,169,84,./20240321_140300_322/Plate007_Well3_Object5.tif_projection.tif,2.3664563676,70.99222377397194,75.2179513795655,20240321_140300_322,7,3,5,007_3,Slide31,Peptone 4d,20296/H3P (FAM/Alexa555),Peptone,4d,96.0
265,173,225,./20240321_140300_322/Plate007_Well3_Object6.tif_projection.tif,2.2392673056,122.36145247812794,127.27377356301628,20240321_140300_322,7,3,6,007_3,Slide31,Peptone 4d,20296/H3P (FAM/Alexa555),Peptone,4d,96.0
266,171,220,./20240321_140300_322/Plate007_Well3_Object7.tif_projection.tif,2.3942127924,113.18960489236422,119.03703835543836,20240321_140300_322,7,3,7,007_3,Slide31,Peptone 4d,20296/H3P (FAM/Alexa555),Peptone,4d,96.0
267,138,111,./20240321_140300_322/Plate007_Well4_Object4.tif_projection.tif,2.0314013616,73.84065150072311,77.77881958076168,20240321_140300_322,7,4,4,007_4,Slide32,Peptone 5d,20296/H3P (FAM/Alexa555),Peptone,5d,120.0
268,135,19,./20240321_140300_322/Plate007_Well4_Object5.tif_projection.tif,2.0999248452,65.24043006260632,66.19284510001663,20240321_140300_322,7,4,5,007_4,Slide32,Peptone 5d,20296/H3P (FAM/Alexa555),Peptone,5d,120.0
269,136,44,./20240321_140300_322/Plate007_Well4_Object6.tif_projection.tif,2.6454308868,97.5266453897366,99.79470691042816,20240321_140300_322,7,4,6,007_4,Slide32,Peptone 5d,20296/H3P (FAM/Alexa555),Peptone,5d,120.0
270,140,126,./20240321_140300_322/Plate007_Well4_Object7.tif_projection.tif,2.5020656856,59.55079471235766,61.1494737650384,20240321_140300_322,7,4,7,007_4,Slide32,Peptone 5d,20296/H3P (FAM/Alexa555),Peptone,5d,120.0
271,116,16,./20240321_140300_322/Plate008_Well1_Object0.tif_projection.tif,2.257014942,57.59820087181329,61.14270554084796,20240321_140300_322,8,1,0,008_1,Slide33,Peptone 6d,20296/H3P (FAM/Alexa555),Peptone,6d,144.0
272,117,35,./20240321_140300_322/Plate008_Well1_Object1.tif_projection.tif,2.018099304,61.4439536023942,63.92153237668428,20240321_140300_322,8,1,1,008_1,Slide33,Peptone 6d,20296/H3P (FAM/Alexa555),Peptone,6d,144.0
273,125,273,./20240321_140300_322/Plate008_Well1_Object2.tif_projection.tif,2.0133057204,64.07372645539918,68.5439864406596,20240321_140300_322,8,1,2,008_1,Slide33,Peptone 6d,20296/H3P (FAM/Alexa555),Peptone,6d,144.0
274,118,37,./20240321_140300_322/Plate008_Well1_Object3.tif_projection.tif,2.3643379188,62.596805144975285,65.13451346166347,20240321_140300_322,8,1,3,008_1,Slide33,Peptone 6d,20296/H3P (FAM/Alexa555),Peptone,6d,144.0
275,121,166,./20240321_140300_322/Plate008_Well1_Object4.tif_projection.tif,1.9822475088,69.6179459867459,73.1492910730301,20240321_140300_322,8,1,4,008_1,Slide33,Peptone 6d,20296/H3P (FAM/Alexa555),Peptone,6d,144.0
276,122,236,./20240321_140300_322/Plate008_Well1_Object5.tif_projection.tif,1.9387207476,57.7700528240842,59.83326899637292,20240321_140300_322,8,1,5,008_1,Slide33,Peptone 6d,20296/H3P (FAM/Alexa555),Peptone,6d,144.0
277,120,134,./20240321_140300_322/Plate008_Well1_Object6.tif_projection.tif,1.7549188487999998,79.20594168502272,83.76455703380101,20240321_140300_322,8,1,6,008_1,Slide33,Peptone 6d,20296/H3P (FAM/Alexa555),Peptone,6d,144.0
278,124,272,./20240321_140300_322/Plate008_Well1_Object7.tif_projection.tif,2.085583032,71.4428520532766,75.27870988164044,20240321_140300_322,8,1,7,008_1,Slide33,Peptone 6d,20296/H3P (FAM/Alexa555),Peptone,6d,144.0
279,123,240,./20240321_140300_322/Plate008_Well1_Object8.tif_projection.tif,2.0651809464,80.38036584124472,82.31724212657592,20240321_140300_322,8,1,8,008_1,Slide33,Peptone 6d,20296/H3P (FAM/Alexa555),Peptone,6d,144.0
280,119,133,./20240321_140300_322/Plate008_Well1_Object9.tif_projection.tif,1.6690346712,82.68252444437297,86.27741681151963,20240321_140300_322,8,1,9,008_1,Slide33,Peptone 6d,20296/H3P (FAM/Alexa555),Peptone,6d,144.0
281,36,281,./20240321_140300_322/Plate008_Well2_Object0.tif_projection.tif,2.4644008584,83.99607527096616,88.0538566850225,20240321_140300_322,8,2,0,008_2,Slide34,Peptone 7d,20296/H3P (FAM/Alexa555),Peptone,7d,168.0
282,33,214,./20240321_140300_322/Plate008_Well2_Object1.tif_projection.tif,2.032174638,121.05258839471848,128.43384378464037,20240321_140300_322,8,2,1,008_2,Slide34,Peptone 7d,20296/H3P (FAM/Alexa555),Peptone,7d,168.0
283,34,250,./20240321_140300_322/Plate008_Well2_Object10.tif_projection.tif,1.8572255676,74.84282061635776,78.6118835250952,20240321_140300_322,8,2,10,008_2,Slide34,Peptone 7d,20296/H3P (FAM/Alexa555),Peptone,7d,168.0
284,37,285,./20240321_140300_322/Plate008_Well2_Object2.tif_projection.tif,2.6533060164,106.28250124824164,111.55893748042384,20240321_140300_322,8,2,2,008_2,Slide34,Peptone 7d,20296/H3P (FAM/Alexa555),Peptone,7d,168.0
285,30,102,./20240321_140300_322/Plate008_Well2_Object3.tif_projection.tif,1.8634780944,94.44704530141968,100.88661657197102,20240321_140300_322,8,2,3,008_2,Slide34,Peptone 7d,20296/H3P (FAM/Alexa555),Peptone,7d,168.0
286,27,3,./20240321_140300_322/Plate008_Well2_Object4.tif_projection.tif,2.2907458548,89.92704256927944,97.34820627645298,20240321_140300_322,8,2,4,008_2,Slide34,Peptone 7d,20296/H3P (FAM/Alexa555),Peptone,7d,168.0
287,32,184,./20240321_140300_322/Plate008_Well2_Object5.tif_projection.tif,1.8920406492,68.7088832129305,71.88006243814267,20240321_140300_322,8,2,5,008_2,Slide34,Peptone 7d,20296/H3P (FAM/Alexa555),Peptone,7d,168.0
288,28,21,./20240321_140300_322/Plate008_Well2_Object6.tif_projection.tif,2.2080971484,97.82178295756366,100.9919333311884,20240321_140300_322,8,2,6,008_2,Slide34,Peptone 7d,20296/H3P (FAM/Alexa555),Peptone,7d,168.0
289,31,107,./20240321_140300_322/Plate008_Well2_Object7.tif_projection.tif,1.7892764136,72.09618313833005,76.00837912258052,20240321_140300_322,8,2,7,008_2,Slide34,Peptone 7d,20296/H3P (FAM/Alexa555),Peptone,7d,168.0
290,29,34,./20240321_140300_322/Plate008_Well2_Object8.tif_projection.tif,1.8011542068,62.73754883029153,67.1791452076573,20240321_140300_322,8,2,8,008_2,Slide34,Peptone 7d,20296/H3P (FAM/Alexa555),Peptone,7d,168.0
291,35,274,./20240321_140300_322/Plate008_Well2_Object9.tif_projection.tif,1.8262087272,79.3994672352259,84.32771002913647,20240321_140300_322,8,2,9,008_2,Slide34,Peptone 7d,20296/H3P (FAM/Alexa555),Peptone,7d,168.0
